# Bundled PBDB cache (illustrative) — Brachiopoda occurrences,
# Cambrian-Ordovician (440-520 Ma). Used as a fallback when the
# live PBDB API (paleobiodb.org) times out or returns 5xx. The
# ~380 rows are a synthetic-but-geographically-realistic
# distribution across the major Cambrian-Ordovician brachiopod
# paleo-regions (Laurentia, Baltica, Avalonia, S. China, N.
# Gondwana, Siberia, Australia, Transantarctic). For an
# authoritative query, delete this file and re-run when the API
# is reachable.
occurrence_no,lat,lng,max_ma,min_ma,early_interval,late_interval,accepted_name,accepted_rank,phylum
100000,33.8761,-82.2824,470.9,460.6,Cambrian/Ordovician,Cambrian/Ordovician,Glyptorthis,genus,Brachiopoda
100001,33.0465,-95.077,487.4,478.1,Cambrian/Ordovician,Cambrian/Ordovician,Strophomena,genus,Brachiopoda
100002,45.493,-65.9511,451.8,443.7,Cambrian/Ordovician,Cambrian/Ordovician,Hesperonomia,genus,Brachiopoda
100003,41.565,-74.8415,461.9,456.5,Cambrian/Ordovician,Cambrian/Ordovician,Trematis,genus,Brachiopoda
100004,40.1921,-74.3866,491.4,483.4,Cambrian/Ordovician,Cambrian/Ordovician,Strophomena,genus,Brachiopoda
100005,37.2644,-67.7112,508.1,500.5,Cambrian/Ordovician,Cambrian/Ordovician,Glyptorthis,genus,Brachiopoda
100006,47.1702,-76.0787,490.7,479.1,Cambrian/Ordovician,Cambrian/Ordovician,Onniella,genus,Brachiopoda
100007,42.7531,-88.1933,508.8,499.4,Cambrian/Ordovician,Cambrian/Ordovician,Plectatrypa,genus,Brachiopoda
100008,39.8156,-83.4343,459.6,447.9,Cambrian/Ordovician,Cambrian/Ordovician,Strophomena,genus,Brachiopoda
100009,32.7263,-103.8033,507.9,499.9,Cambrian/Ordovician,Cambrian/Ordovician,Lingulella,genus,Brachiopoda
100010,41.6294,-64.7226,494.3,488.3,Cambrian/Ordovician,Cambrian/Ordovician,Schizotreta,genus,Brachiopoda
100011,42.9678,-79.7992,485.0,474.7,Cambrian/Ordovician,Cambrian/Ordovician,Glassia,genus,Brachiopoda
100012,38.6232,-91.2874,512.6,504.9,Cambrian/Ordovician,Cambrian/Ordovician,Rafinesquina,genus,Brachiopoda
100013,46.1984,-78.7878,472.6,462.3,Cambrian/Ordovician,Cambrian/Ordovician,Lingulella,genus,Brachiopoda
100014,41.5278,-89.038,458.9,451.1,Cambrian/Ordovician,Cambrian/Ordovician,Christiania,genus,Brachiopoda
100015,40.9212,-71.3411,460.6,451.0,Cambrian/Ordovician,Cambrian/Ordovician,Onniella,genus,Brachiopoda
100016,41.7988,-78.4572,492.8,481.8,Cambrian/Ordovician,Cambrian/Ordovician,Glassia,genus,Brachiopoda
100017,52.593,-89.4212,473.2,461.7,Cambrian/Ordovician,Cambrian/Ordovician,Westonia,genus,Brachiopoda
100018,36.0315,-73.4893,484.7,475.7,Cambrian/Ordovician,Cambrian/Ordovician,Hesperorthis,genus,Brachiopoda
100019,36.9179,-92.6944,511.0,502.7,Cambrian/Ordovician,Cambrian/Ordovician,Trematis,genus,Brachiopoda
100020,43.7362,-77.2625,506.7,499.4,Cambrian/Ordovician,Cambrian/Ordovician,Plectatrypa,genus,Brachiopoda
100021,30.6695,-88.6179,447.6,443.6,Cambrian/Ordovician,Cambrian/Ordovician,Orthis,genus,Brachiopoda
100022,44.2791,-70.3891,505.4,499.6,Cambrian/Ordovician,Cambrian/Ordovician,Rafinesquina,genus,Brachiopoda
100023,32.0271,-76.7866,459.4,447.7,Cambrian/Ordovician,Cambrian/Ordovician,Sowerbyella,genus,Brachiopoda
100024,32.9456,-89.5268,492.0,481.5,Cambrian/Ordovician,Cambrian/Ordovician,Strophomena,genus,Brachiopoda
100025,41.1605,-79.3111,499.4,488.0,Cambrian/Ordovician,Cambrian/Ordovician,Strophomena,genus,Brachiopoda
100026,41.9141,-81.5825,476.1,470.7,Cambrian/Ordovician,Cambrian/Ordovician,Glyptorthis,genus,Brachiopoda
100027,42.1932,-69.6575,456.8,451.8,Cambrian/Ordovician,Cambrian/Ordovician,Onniella,genus,Brachiopoda
100028,42.0823,-81.3953,504.6,498.0,Cambrian/Ordovician,Cambrian/Ordovician,Trematis,genus,Brachiopoda
100029,32.8718,-64.1814,455.8,446.8,Cambrian/Ordovician,Cambrian/Ordovician,Obolus,genus,Brachiopoda
100030,35.8521,-98.6372,505.3,499.8,Cambrian/Ordovician,Cambrian/Ordovician,Schizotreta,genus,Brachiopoda
100031,36.5721,-86.288,466.5,457.0,Cambrian/Ordovician,Cambrian/Ordovician,Hesperonomia,genus,Brachiopoda
100032,40.741,-69.8814,496.5,485.1,Cambrian/Ordovician,Cambrian/Ordovician,Dalmanella,genus,Brachiopoda
100033,37.7005,-66.6901,484.7,474.4,Cambrian/Ordovician,Cambrian/Ordovician,Lingulella,genus,Brachiopoda
100034,33.4354,-76.4463,472.8,464.2,Cambrian/Ordovician,Cambrian/Ordovician,Hesperonomia,genus,Brachiopoda
100035,41.437,-78.1144,494.0,483.6,Cambrian/Ordovician,Cambrian/Ordovician,Plectatrypa,genus,Brachiopoda
100036,43.7633,-80.108,454.6,446.7,Cambrian/Ordovician,Cambrian/Ordovician,Obolus,genus,Brachiopoda
100037,47.6078,-80.499,456.4,450.6,Cambrian/Ordovician,Cambrian/Ordovician,Glassia,genus,Brachiopoda
100038,41.3768,-68.5526,496.4,486.6,Cambrian/Ordovician,Cambrian/Ordovician,Westonia,genus,Brachiopoda
100039,34.9105,-66.5422,487.4,482.3,Cambrian/Ordovician,Cambrian/Ordovician,Christiania,genus,Brachiopoda
100040,43.5871,-76.2597,481.7,475.4,Cambrian/Ordovician,Cambrian/Ordovician,Hesperonomia,genus,Brachiopoda
100041,39.3585,-83.7654,499.7,490.7,Cambrian/Ordovician,Cambrian/Ordovician,Schizotreta,genus,Brachiopoda
100042,38.3357,-83.3535,511.4,502.6,Cambrian/Ordovician,Cambrian/Ordovician,Glassia,genus,Brachiopoda
100043,44.7495,-76.3751,487.0,475.1,Cambrian/Ordovician,Cambrian/Ordovician,Dalmanella,genus,Brachiopoda
100044,38.031,-77.3812,477.9,472.6,Cambrian/Ordovician,Cambrian/Ordovician,Glyptorthis,genus,Brachiopoda
100045,45.0164,-93.4081,500.7,497.0,Cambrian/Ordovician,Cambrian/Ordovician,Plectatrypa,genus,Brachiopoda
100046,49.3706,-82.7111,454.0,449.1,Cambrian/Ordovician,Cambrian/Ordovician,Schizotreta,genus,Brachiopoda
100047,42.8174,-86.163,473.3,467.9,Cambrian/Ordovician,Cambrian/Ordovician,Schizotreta,genus,Brachiopoda
100048,42.4598,-81.9466,448.8,444.0,Cambrian/Ordovician,Cambrian/Ordovician,Glyptorthis,genus,Brachiopoda
100049,37.5336,-74.6124,480.2,475.3,Cambrian/Ordovician,Cambrian/Ordovician,Christiania,genus,Brachiopoda
100050,31.9691,-86.9105,470.2,464.0,Cambrian/Ordovician,Cambrian/Ordovician,Westonia,genus,Brachiopoda
100051,32.5598,-67.3707,486.9,480.4,Cambrian/Ordovician,Cambrian/Ordovician,Resserella,genus,Brachiopoda
100052,44.1227,-71.8759,491.7,483.1,Cambrian/Ordovician,Cambrian/Ordovician,Rafinesquina,genus,Brachiopoda
100053,47.6672,-74.5751,494.1,486.6,Cambrian/Ordovician,Cambrian/Ordovician,Trematis,genus,Brachiopoda
100054,36.5041,-76.2368,512.1,501.7,Cambrian/Ordovician,Cambrian/Ordovician,Hesperorthis,genus,Brachiopoda
100055,39.1078,-58.5187,482.5,478.8,Cambrian/Ordovician,Cambrian/Ordovician,Hesperonomia,genus,Brachiopoda
100056,41.5984,-80.2425,474.9,467.0,Cambrian/Ordovician,Cambrian/Ordovician,Plectatrypa,genus,Brachiopoda
100057,34.4046,-74.8624,453.0,447.9,Cambrian/Ordovician,Cambrian/Ordovician,Plectatrypa,genus,Brachiopoda
100058,42.0171,-64.7664,494.9,485.4,Cambrian/Ordovician,Cambrian/Ordovician,Plectatrypa,genus,Brachiopoda
100059,39.5932,-76.0154,481.5,476.1,Cambrian/Ordovician,Cambrian/Ordovician,Plaesiomys,genus,Brachiopoda
100060,41.6433,-69.4366,460.4,452.8,Cambrian/Ordovician,Cambrian/Ordovician,Onniella,genus,Brachiopoda
100061,35.9066,-80.1929,455.0,450.3,Cambrian/Ordovician,Cambrian/Ordovician,Orthis,genus,Brachiopoda
100062,47.269,-55.78,487.6,480.4,Cambrian/Ordovician,Cambrian/Ordovician,Resserella,genus,Brachiopoda
100063,36.3976,-72.4899,466.1,459.7,Cambrian/Ordovician,Cambrian/Ordovician,Resserella,genus,Brachiopoda
100064,46.8883,-81.8092,489.2,486.2,Cambrian/Ordovician,Cambrian/Ordovician,Hesperonomia,genus,Brachiopoda
100065,42.5271,-84.7728,506.4,500.6,Cambrian/Ordovician,Cambrian/Ordovician,Obolus,genus,Brachiopoda
100066,40.1786,-84.2007,479.7,471.3,Cambrian/Ordovician,Cambrian/Ordovician,Resserella,genus,Brachiopoda
100067,30.2559,-86.1151,493.8,488.1,Cambrian/Ordovician,Cambrian/Ordovician,Sowerbyella,genus,Brachiopoda
100068,35.8662,-81.4105,477.5,472.4,Cambrian/Ordovician,Cambrian/Ordovician,Dalmanella,genus,Brachiopoda
100069,40.8217,-65.6408,495.4,489.3,Cambrian/Ordovician,Cambrian/Ordovician,Dalmanella,genus,Brachiopoda
100070,39.4352,-81.5997,489.8,484.6,Cambrian/Ordovician,Cambrian/Ordovician,Dalmanella,genus,Brachiopoda
100071,40.639,-88.6205,479.6,470.3,Cambrian/Ordovician,Cambrian/Ordovician,Dalmanella,genus,Brachiopoda
100072,34.446,-94.0194,457.3,451.1,Cambrian/Ordovician,Cambrian/Ordovician,Rafinesquina,genus,Brachiopoda
100073,39.6202,-91.4672,451.6,440.2,Cambrian/Ordovician,Cambrian/Ordovician,Plectorthis,genus,Brachiopoda
100074,25.1868,-84.3405,476.9,465.1,Cambrian/Ordovician,Cambrian/Ordovician,Hesperorthis,genus,Brachiopoda
100075,45.3679,-76.9699,484.3,474.9,Cambrian/Ordovician,Cambrian/Ordovician,Onniella,genus,Brachiopoda
100076,42.713,-72.0919,458.7,454.4,Cambrian/Ordovician,Cambrian/Ordovician,Glyptorthis,genus,Brachiopoda
100077,34.8508,-70.0184,493.3,482.0,Cambrian/Ordovician,Cambrian/Ordovician,Obolus,genus,Brachiopoda
100078,33.7273,-79.1697,479.9,475.0,Cambrian/Ordovician,Cambrian/Ordovician,Obolus,genus,Brachiopoda
100079,41.0629,-73.1383,506.0,499.0,Cambrian/Ordovician,Cambrian/Ordovician,Orthis,genus,Brachiopoda
100080,33.3828,-104.576,488.6,478.5,Cambrian/Ordovician,Cambrian/Ordovician,Orthis,genus,Brachiopoda
100081,31.6694,-103.5869,452.0,447.5,Cambrian/Ordovician,Cambrian/Ordovician,Sowerbyella,genus,Brachiopoda
100082,36.8515,-93.0768,452.7,449.4,Cambrian/Ordovician,Cambrian/Ordovician,Plectatrypa,genus,Brachiopoda
100083,35.0581,-96.0397,469.6,464.2,Cambrian/Ordovician,Cambrian/Ordovician,Plectatrypa,genus,Brachiopoda
100084,30.7184,-98.2665,492.4,480.8,Cambrian/Ordovician,Cambrian/Ordovician,Schizotreta,genus,Brachiopoda
100085,32.4935,-100.4817,487.5,483.0,Cambrian/Ordovician,Cambrian/Ordovician,Trematis,genus,Brachiopoda
100086,32.3133,-98.8378,469.4,464.9,Cambrian/Ordovician,Cambrian/Ordovician,Onniella,genus,Brachiopoda
100087,33.3018,-95.5993,448.9,440.0,Cambrian/Ordovician,Cambrian/Ordovician,Obolus,genus,Brachiopoda
100088,30.401,-98.1524,454.2,450.6,Cambrian/Ordovician,Cambrian/Ordovician,Hesperonomia,genus,Brachiopoda
100089,37.7724,-94.9356,510.3,505.5,Cambrian/Ordovician,Cambrian/Ordovician,Rafinesquina,genus,Brachiopoda
100090,34.443,-100.4665,500.1,488.9,Cambrian/Ordovician,Cambrian/Ordovician,Plectorthis,genus,Brachiopoda
100091,36.5433,-94.4735,484.1,477.3,Cambrian/Ordovician,Cambrian/Ordovician,Obolus,genus,Brachiopoda
100092,29.6917,-91.0827,449.7,440.0,Cambrian/Ordovician,Cambrian/Ordovician,Rafinesquina,genus,Brachiopoda
100093,35.0364,-92.5875,472.4,467.6,Cambrian/Ordovician,Cambrian/Ordovician,Trematis,genus,Brachiopoda
100094,31.5911,-92.6698,459.0,449.3,Cambrian/Ordovician,Cambrian/Ordovician,Hesperorthis,genus,Brachiopoda
100095,32.9826,-98.1614,461.7,455.5,Cambrian/Ordovician,Cambrian/Ordovician,Glyptorthis,genus,Brachiopoda
100096,34.721,-97.7379,505.3,495.5,Cambrian/Ordovician,Cambrian/Ordovician,Glyptorthis,genus,Brachiopoda
100097,26.7005,-85.7184,448.1,442.1,Cambrian/Ordovician,Cambrian/Ordovician,Christiania,genus,Brachiopoda
100098,35.2968,-90.7654,495.4,484.8,Cambrian/Ordovician,Cambrian/Ordovician,Plectatrypa,genus,Brachiopoda
100099,27.738,-99.5908,447.0,441.4,Cambrian/Ordovician,Cambrian/Ordovician,Dalmanella,genus,Brachiopoda
100100,28.3912,-103.3058,499.7,495.5,Cambrian/Ordovician,Cambrian/Ordovician,Glyptorthis,genus,Brachiopoda
100101,33.8566,-92.396,500.4,497.3,Cambrian/Ordovician,Cambrian/Ordovician,Glyptorthis,genus,Brachiopoda
100102,34.1216,-101.2548,463.6,452.4,Cambrian/Ordovician,Cambrian/Ordovician,Orthis,genus,Brachiopoda
100103,30.5859,-104.3972,482.7,478.8,Cambrian/Ordovician,Cambrian/Ordovician,Obolus,genus,Brachiopoda
100104,31.8015,-101.8714,510.7,500.0,Cambrian/Ordovician,Cambrian/Ordovician,Plectorthis,genus,Brachiopoda
100105,56.8169,9.7061,509.8,499.1,Cambrian/Ordovician,Cambrian/Ordovician,Christiania,genus,Brachiopoda
100106,67.3775,8.7475,492.6,488.0,Cambrian/Ordovician,Cambrian/Ordovician,Glyptorthis,genus,Brachiopoda
100107,56.9259,19.3631,483.3,471.6,Cambrian/Ordovician,Cambrian/Ordovician,Orthis,genus,Brachiopoda
100108,61.4718,11.5201,470.2,462.8,Cambrian/Ordovician,Cambrian/Ordovician,Plaesiomys,genus,Brachiopoda
100109,67.0771,0.0095,485.4,473.5,Cambrian/Ordovician,Cambrian/Ordovician,Resserella,genus,Brachiopoda
100110,74.2407,12.1243,509.5,504.5,Cambrian/Ordovician,Cambrian/Ordovician,Westonia,genus,Brachiopoda
100111,63.1396,5.2087,453.3,446.3,Cambrian/Ordovician,Cambrian/Ordovician,Sowerbyella,genus,Brachiopoda
100112,48.9085,13.4547,473.1,469.9,Cambrian/Ordovician,Cambrian/Ordovician,Strophomena,genus,Brachiopoda
100113,62.6659,10.7746,461.8,452.3,Cambrian/Ordovician,Cambrian/Ordovician,Plectorthis,genus,Brachiopoda
100114,64.5284,9.5277,471.2,461.0,Cambrian/Ordovician,Cambrian/Ordovician,Plectorthis,genus,Brachiopoda
100115,60.9372,8.9837,454.1,450.6,Cambrian/Ordovician,Cambrian/Ordovician,Glassia,genus,Brachiopoda
100116,56.3569,16.9634,458.6,453.1,Cambrian/Ordovician,Cambrian/Ordovician,Westonia,genus,Brachiopoda
100117,65.8936,7.793,482.2,473.5,Cambrian/Ordovician,Cambrian/Ordovician,Lingulella,genus,Brachiopoda
100118,59.2794,10.7938,480.0,469.8,Cambrian/Ordovician,Cambrian/Ordovician,Resserella,genus,Brachiopoda
100119,68.9046,16.4576,471.6,466.3,Cambrian/Ordovician,Cambrian/Ordovician,Onniella,genus,Brachiopoda
100120,58.7636,6.0411,479.4,473.3,Cambrian/Ordovician,Cambrian/Ordovician,Sowerbyella,genus,Brachiopoda
100121,55.7278,11.2331,505.4,497.2,Cambrian/Ordovician,Cambrian/Ordovician,Rafinesquina,genus,Brachiopoda
100122,61.0649,18.5023,449.5,440.7,Cambrian/Ordovician,Cambrian/Ordovician,Strophomena,genus,Brachiopoda
100123,58.2691,11.4898,450.0,440.0,Cambrian/Ordovician,Cambrian/Ordovician,Westonia,genus,Brachiopoda
100124,52.6947,17.4422,468.4,463.0,Cambrian/Ordovician,Cambrian/Ordovician,Orthis,genus,Brachiopoda
100125,62.6983,14.612,482.4,477.3,Cambrian/Ordovician,Cambrian/Ordovician,Strophomena,genus,Brachiopoda
100126,63.7556,12.1193,513.9,506.1,Cambrian/Ordovician,Cambrian/Ordovician,Orthis,genus,Brachiopoda
100127,66.0429,16.7836,495.1,484.1,Cambrian/Ordovician,Cambrian/Ordovician,Dalmanella,genus,Brachiopoda
100128,55.7787,16.6391,473.7,470.2,Cambrian/Ordovician,Cambrian/Ordovician,Glyptorthis,genus,Brachiopoda
100129,66.3959,6.1499,503.4,492.5,Cambrian/Ordovician,Cambrian/Ordovician,Obolus,genus,Brachiopoda
100130,53.6751,20.033,512.2,500.3,Cambrian/Ordovician,Cambrian/Ordovician,Schizotreta,genus,Brachiopoda
100131,63.5732,13.1291,486.7,475.5,Cambrian/Ordovician,Cambrian/Ordovician,Lingulella,genus,Brachiopoda
100132,66.1401,14.018,497.9,487.5,Cambrian/Ordovician,Cambrian/Ordovician,Sowerbyella,genus,Brachiopoda
100133,54.92,5.4651,457.2,452.8,Cambrian/Ordovician,Cambrian/Ordovician,Hesperorthis,genus,Brachiopoda
100134,61.7671,7.7209,478.7,471.0,Cambrian/Ordovician,Cambrian/Ordovician,Glassia,genus,Brachiopoda
100135,60.2248,3.9977,461.4,452.6,Cambrian/Ordovician,Cambrian/Ordovician,Christiania,genus,Brachiopoda
100136,54.9077,22.8961,480.2,471.0,Cambrian/Ordovician,Cambrian/Ordovician,Dalmanella,genus,Brachiopoda
100137,62.7858,2.8775,448.9,441.1,Cambrian/Ordovician,Cambrian/Ordovician,Plectorthis,genus,Brachiopoda
100138,60.7549,1.8849,513.5,504.4,Cambrian/Ordovician,Cambrian/Ordovician,Plaesiomys,genus,Brachiopoda
100139,55.2423,14.18,454.8,447.3,Cambrian/Ordovician,Cambrian/Ordovician,Sowerbyella,genus,Brachiopoda
100140,59.241,7.2295,462.0,457.9,Cambrian/Ordovician,Cambrian/Ordovician,Rafinesquina,genus,Brachiopoda
100141,50.272,12.1268,461.9,453.8,Cambrian/Ordovician,Cambrian/Ordovician,Schizotreta,genus,Brachiopoda
100142,51.0795,19.1165,462.4,458.3,Cambrian/Ordovician,Cambrian/Ordovician,Plaesiomys,genus,Brachiopoda
100143,62.8213,12.6123,512.6,502.1,Cambrian/Ordovician,Cambrian/Ordovician,Plectatrypa,genus,Brachiopoda
100144,57.1523,16.8315,451.1,443.1,Cambrian/Ordovician,Cambrian/Ordovician,Trematis,genus,Brachiopoda
100145,63.2162,14.5967,486.7,477.7,Cambrian/Ordovician,Cambrian/Ordovician,Obolus,genus,Brachiopoda
100146,62.9084,21.3705,481.4,474.2,Cambrian/Ordovician,Cambrian/Ordovician,Glassia,genus,Brachiopoda
100147,56.3554,19.9759,462.3,458.1,Cambrian/Ordovician,Cambrian/Ordovician,Sowerbyella,genus,Brachiopoda
100148,54.418,21.1659,465.4,460.1,Cambrian/Ordovician,Cambrian/Ordovician,Plectorthis,genus,Brachiopoda
100149,54.5385,12.9637,456.1,446.5,Cambrian/Ordovician,Cambrian/Ordovician,Onniella,genus,Brachiopoda
100150,67.0777,9.4686,491.2,482.2,Cambrian/Ordovician,Cambrian/Ordovician,Sowerbyella,genus,Brachiopoda
100151,63.0566,2.3572,463.1,451.6,Cambrian/Ordovician,Cambrian/Ordovician,Rafinesquina,genus,Brachiopoda
100152,65.4892,7.9902,470.4,465.6,Cambrian/Ordovician,Cambrian/Ordovician,Orthis,genus,Brachiopoda
100153,66.9443,1.3116,498.3,493.7,Cambrian/Ordovician,Cambrian/Ordovician,Resserella,genus,Brachiopoda
100154,56.7103,10.1825,465.5,458.2,Cambrian/Ordovician,Cambrian/Ordovician,Strophomena,genus,Brachiopoda
100155,56.5709,37.0231,482.8,478.0,Cambrian/Ordovician,Cambrian/Ordovician,Lingulella,genus,Brachiopoda
100156,50.921,29.084,489.0,484.4,Cambrian/Ordovician,Cambrian/Ordovician,Hesperonomia,genus,Brachiopoda
100157,49.2386,42.1345,453.9,450.7,Cambrian/Ordovician,Cambrian/Ordovician,Hesperonomia,genus,Brachiopoda
100158,51.5931,48.7145,449.0,440.0,Cambrian/Ordovician,Cambrian/Ordovician,Sowerbyella,genus,Brachiopoda
100159,51.6162,38.401,512.4,505.4,Cambrian/Ordovician,Cambrian/Ordovician,Plectatrypa,genus,Brachiopoda
100160,48.299,36.5527,460.9,456.5,Cambrian/Ordovician,Cambrian/Ordovician,Plectatrypa,genus,Brachiopoda
100161,54.0382,46.6873,491.9,487.3,Cambrian/Ordovician,Cambrian/Ordovician,Rafinesquina,genus,Brachiopoda
100162,46.7362,32.1422,492.1,486.1,Cambrian/Ordovician,Cambrian/Ordovician,Dalmanella,genus,Brachiopoda
100163,48.8764,39.7561,478.6,469.0,Cambrian/Ordovician,Cambrian/Ordovician,Strophomena,genus,Brachiopoda
100164,40.5189,52.2747,505.7,498.1,Cambrian/Ordovician,Cambrian/Ordovician,Plectorthis,genus,Brachiopoda
100165,51.039,32.6759,483.2,471.2,Cambrian/Ordovician,Cambrian/Ordovician,Glyptorthis,genus,Brachiopoda
100166,49.001,36.2299,513.1,501.3,Cambrian/Ordovician,Cambrian/Ordovician,Orthis,genus,Brachiopoda
100167,50.0701,39.3639,493.8,482.9,Cambrian/Ordovician,Cambrian/Ordovician,Plectatrypa,genus,Brachiopoda
100168,55.5135,41.4412,484.2,472.7,Cambrian/Ordovician,Cambrian/Ordovician,Lingulella,genus,Brachiopoda
100169,55.9433,21.5844,490.9,486.0,Cambrian/Ordovician,Cambrian/Ordovician,Christiania,genus,Brachiopoda
100170,52.4035,31.0111,466.0,462.8,Cambrian/Ordovician,Cambrian/Ordovician,Christiania,genus,Brachiopoda
100171,47.8741,36.3234,465.1,458.2,Cambrian/Ordovician,Cambrian/Ordovician,Strophomena,genus,Brachiopoda
100172,50.8804,28.4134,472.9,465.2,Cambrian/Ordovician,Cambrian/Ordovician,Christiania,genus,Brachiopoda
100173,39.9109,23.4156,504.6,500.8,Cambrian/Ordovician,Cambrian/Ordovician,Westonia,genus,Brachiopoda
100174,50.1982,31.9398,498.5,494.0,Cambrian/Ordovician,Cambrian/Ordovician,Plaesiomys,genus,Brachiopoda
100175,53.1367,24.9881,460.3,454.7,Cambrian/Ordovician,Cambrian/Ordovician,Trematis,genus,Brachiopoda
100176,49.2939,40.6642,445.3,441.3,Cambrian/Ordovician,Cambrian/Ordovician,Obolus,genus,Brachiopoda
100177,40.2268,51.3036,459.9,450.3,Cambrian/Ordovician,Cambrian/Ordovician,Obolus,genus,Brachiopoda
100178,49.2804,22.5297,490.8,480.7,Cambrian/Ordovician,Cambrian/Ordovician,Trematis,genus,Brachiopoda
100179,47.971,32.9648,500.1,496.6,Cambrian/Ordovician,Cambrian/Ordovician,Plectorthis,genus,Brachiopoda
100180,47.6496,26.2354,508.9,499.4,Cambrian/Ordovician,Cambrian/Ordovician,Christiania,genus,Brachiopoda
100181,51.2087,41.3415,510.6,505.2,Cambrian/Ordovician,Cambrian/Ordovician,Resserella,genus,Brachiopoda
100182,49.8097,23.0319,509.7,504.3,Cambrian/Ordovician,Cambrian/Ordovician,Westonia,genus,Brachiopoda
100183,45.0498,35.1726,500.4,488.7,Cambrian/Ordovician,Cambrian/Ordovician,Glassia,genus,Brachiopoda
100184,46.4536,26.9874,453.6,444.3,Cambrian/Ordovician,Cambrian/Ordovician,Plaesiomys,genus,Brachiopoda
100185,56.4865,0.6711,476.3,466.7,Cambrian/Ordovician,Cambrian/Ordovician,Hesperorthis,genus,Brachiopoda
100186,51.4321,-11.6572,467.8,456.8,Cambrian/Ordovician,Cambrian/Ordovician,Trematis,genus,Brachiopoda
100187,61.8345,-3.387,475.8,467.0,Cambrian/Ordovician,Cambrian/Ordovician,Hesperonomia,genus,Brachiopoda
100188,55.9642,-5.5451,511.4,499.6,Cambrian/Ordovician,Cambrian/Ordovician,Orthis,genus,Brachiopoda
100189,53.7598,0.1911,490.8,483.3,Cambrian/Ordovician,Cambrian/Ordovician,Resserella,genus,Brachiopoda
100190,55.614,-4.5506,472.8,468.9,Cambrian/Ordovician,Cambrian/Ordovician,Plaesiomys,genus,Brachiopoda
100191,52.5933,-0.5574,460.6,449.4,Cambrian/Ordovician,Cambrian/Ordovician,Resserella,genus,Brachiopoda
100192,52.1393,-3.1372,497.2,485.3,Cambrian/Ordovician,Cambrian/Ordovician,Christiania,genus,Brachiopoda
100193,51.9515,-3.109,459.3,448.5,Cambrian/Ordovician,Cambrian/Ordovician,Resserella,genus,Brachiopoda
100194,49.9901,1.1139,468.7,465.7,Cambrian/Ordovician,Cambrian/Ordovician,Glyptorthis,genus,Brachiopoda
100195,52.5999,-2.2408,464.6,458.7,Cambrian/Ordovician,Cambrian/Ordovician,Dalmanella,genus,Brachiopoda
100196,51.546,-3.7706,449.3,444.1,Cambrian/Ordovician,Cambrian/Ordovician,Hesperonomia,genus,Brachiopoda
100197,56.3174,-1.9265,457.1,447.4,Cambrian/Ordovician,Cambrian/Ordovician,Resserella,genus,Brachiopoda
100198,51.9248,-5.7901,507.1,500.7,Cambrian/Ordovician,Cambrian/Ordovician,Lingulella,genus,Brachiopoda
100199,50.1869,0.8991,478.0,467.0,Cambrian/Ordovician,Cambrian/Ordovician,Plectorthis,genus,Brachiopoda
100200,56.6654,-7.0829,475.7,465.9,Cambrian/Ordovician,Cambrian/Ordovician,Rafinesquina,genus,Brachiopoda
100201,53.3356,-0.9752,471.9,463.1,Cambrian/Ordovician,Cambrian/Ordovician,Glyptorthis,genus,Brachiopoda
100202,55.5448,-5.0887,480.0,475.0,Cambrian/Ordovician,Cambrian/Ordovician,Plaesiomys,genus,Brachiopoda
100203,54.7787,-12.3994,509.1,502.4,Cambrian/Ordovician,Cambrian/Ordovician,Schizotreta,genus,Brachiopoda
100204,55.981,-7.2909,510.4,504.7,Cambrian/Ordovician,Cambrian/Ordovician,Resserella,genus,Brachiopoda
100205,54.6799,-9.558,448.7,445.1,Cambrian/Ordovician,Cambrian/Ordovician,Westonia,genus,Brachiopoda
100206,57.6419,-4.703,495.3,489.9,Cambrian/Ordovician,Cambrian/Ordovician,Westonia,genus,Brachiopoda
100207,57.0298,-3.1972,478.3,472.0,Cambrian/Ordovician,Cambrian/Ordovician,Plectatrypa,genus,Brachiopoda
100208,53.2363,-4.3805,507.0,501.8,Cambrian/Ordovician,Cambrian/Ordovician,Orthis,genus,Brachiopoda
100209,50.384,-2.8492,471.1,460.1,Cambrian/Ordovician,Cambrian/Ordovician,Christiania,genus,Brachiopoda
100210,51.1931,-0.9777,487.3,481.3,Cambrian/Ordovician,Cambrian/Ordovician,Sowerbyella,genus,Brachiopoda
100211,51.2334,-12.9835,450.4,442.4,Cambrian/Ordovician,Cambrian/Ordovician,Trematis,genus,Brachiopoda
100212,54.9953,-4.0859,459.5,447.9,Cambrian/Ordovician,Cambrian/Ordovician,Hesperonomia,genus,Brachiopoda
100213,53.1072,2.9442,484.2,480.5,Cambrian/Ordovician,Cambrian/Ordovician,Strophomena,genus,Brachiopoda
100214,54.7419,-0.7669,485.4,474.4,Cambrian/Ordovician,Cambrian/Ordovician,Trematis,genus,Brachiopoda
100215,51.9677,-2.5875,489.0,484.7,Cambrian/Ordovician,Cambrian/Ordovician,Sowerbyella,genus,Brachiopoda
100216,53.4961,-0.9867,464.2,452.8,Cambrian/Ordovician,Cambrian/Ordovician,Obolus,genus,Brachiopoda
100217,56.475,0.3735,470.7,467.7,Cambrian/Ordovician,Cambrian/Ordovician,Rafinesquina,genus,Brachiopoda
100218,56.7809,-0.2141,465.4,456.2,Cambrian/Ordovician,Cambrian/Ordovician,Orthis,genus,Brachiopoda
100219,53.6078,0.575,482.9,477.0,Cambrian/Ordovician,Cambrian/Ordovician,Plectorthis,genus,Brachiopoda
100220,48.9531,-9.2577,475.3,465.2,Cambrian/Ordovician,Cambrian/Ordovician,Westonia,genus,Brachiopoda
100221,50.594,-4.1244,467.1,458.8,Cambrian/Ordovician,Cambrian/Ordovician,Plaesiomys,genus,Brachiopoda
100222,55.1016,-7.3519,509.5,497.5,Cambrian/Ordovician,Cambrian/Ordovician,Glyptorthis,genus,Brachiopoda
100223,54.1078,4.079,477.8,471.8,Cambrian/Ordovician,Cambrian/Ordovician,Obolus,genus,Brachiopoda
100224,53.9411,-4.3039,486.9,480.9,Cambrian/Ordovician,Cambrian/Ordovician,Trematis,genus,Brachiopoda
100225,18.1035,112.2513,490.3,483.6,Cambrian/Ordovician,Cambrian/Ordovician,Resserella,genus,Brachiopoda
100226,25.8915,113.1278,454.7,447.3,Cambrian/Ordovician,Cambrian/Ordovician,Onniella,genus,Brachiopoda
100227,26.06,114.5792,496.6,487.4,Cambrian/Ordovician,Cambrian/Ordovician,Obolus,genus,Brachiopoda
100228,26.4126,114.9215,490.1,481.6,Cambrian/Ordovician,Cambrian/Ordovician,Glassia,genus,Brachiopoda
100229,18.4144,118.0214,490.8,484.4,Cambrian/Ordovician,Cambrian/Ordovician,Plectorthis,genus,Brachiopoda
100230,32.3563,106.0559,477.5,471.1,Cambrian/Ordovician,Cambrian/Ordovician,Trematis,genus,Brachiopoda
100231,24.9234,116.0733,498.4,489.4,Cambrian/Ordovician,Cambrian/Ordovician,Resserella,genus,Brachiopoda
100232,32.9085,115.0203,505.4,494.6,Cambrian/Ordovician,Cambrian/Ordovician,Plaesiomys,genus,Brachiopoda
100233,25.2668,111.126,448.0,442.6,Cambrian/Ordovician,Cambrian/Ordovician,Rafinesquina,genus,Brachiopoda
100234,20.8788,107.1117,505.4,497.4,Cambrian/Ordovician,Cambrian/Ordovician,Trematis,genus,Brachiopoda
100235,31.8219,96.0087,470.8,460.9,Cambrian/Ordovician,Cambrian/Ordovician,Plectorthis,genus,Brachiopoda
100236,27.8047,117.3654,505.8,497.4,Cambrian/Ordovician,Cambrian/Ordovician,Lingulella,genus,Brachiopoda
100237,24.3058,120.7126,508.4,504.4,Cambrian/Ordovician,Cambrian/Ordovician,Plectatrypa,genus,Brachiopoda
100238,27.2045,106.3196,453.4,443.9,Cambrian/Ordovician,Cambrian/Ordovician,Orthis,genus,Brachiopoda
100239,23.2742,112.3109,513.2,506.2,Cambrian/Ordovician,Cambrian/Ordovician,Sowerbyella,genus,Brachiopoda
100240,20.7597,104.2177,462.1,454.4,Cambrian/Ordovician,Cambrian/Ordovician,Plectatrypa,genus,Brachiopoda
100241,26.4599,104.2246,452.5,448.3,Cambrian/Ordovician,Cambrian/Ordovician,Onniella,genus,Brachiopoda
100242,25.0638,105.3488,483.7,478.3,Cambrian/Ordovician,Cambrian/Ordovician,Orthis,genus,Brachiopoda
100243,24.2893,103.1276,502.4,497.7,Cambrian/Ordovician,Cambrian/Ordovician,Obolus,genus,Brachiopoda
100244,29.4216,106.3357,491.2,484.4,Cambrian/Ordovician,Cambrian/Ordovician,Plaesiomys,genus,Brachiopoda
100245,17.9088,107.1601,510.4,505.5,Cambrian/Ordovician,Cambrian/Ordovician,Trematis,genus,Brachiopoda
100246,26.7152,121.7326,474.1,471.0,Cambrian/Ordovician,Cambrian/Ordovician,Rafinesquina,genus,Brachiopoda
100247,25.789,106.111,507.5,501.6,Cambrian/Ordovician,Cambrian/Ordovician,Glassia,genus,Brachiopoda
100248,30.7738,111.1991,482.2,476.9,Cambrian/Ordovician,Cambrian/Ordovician,Christiania,genus,Brachiopoda
100249,27.4757,118.9639,474.9,466.3,Cambrian/Ordovician,Cambrian/Ordovician,Schizotreta,genus,Brachiopoda
100250,18.338,112.3199,487.2,475.9,Cambrian/Ordovician,Cambrian/Ordovician,Glyptorthis,genus,Brachiopoda
100251,26.4216,107.4441,503.9,500.8,Cambrian/Ordovician,Cambrian/Ordovician,Hesperorthis,genus,Brachiopoda
100252,21.45,99.4614,476.9,473.2,Cambrian/Ordovician,Cambrian/Ordovician,Plectorthis,genus,Brachiopoda
100253,30.148,115.6906,482.3,471.7,Cambrian/Ordovician,Cambrian/Ordovician,Plaesiomys,genus,Brachiopoda
100254,25.0639,115.6508,475.6,470.0,Cambrian/Ordovician,Cambrian/Ordovician,Glassia,genus,Brachiopoda
100255,24.9089,105.153,477.8,468.4,Cambrian/Ordovician,Cambrian/Ordovician,Westonia,genus,Brachiopoda
100256,17.2047,106.3874,503.4,498.0,Cambrian/Ordovician,Cambrian/Ordovician,Trematis,genus,Brachiopoda
100257,23.6997,109.6008,461.3,451.0,Cambrian/Ordovician,Cambrian/Ordovician,Strophomena,genus,Brachiopoda
100258,26.9598,107.4631,484.1,479.3,Cambrian/Ordovician,Cambrian/Ordovician,Strophomena,genus,Brachiopoda
100259,18.6158,115.5547,501.8,495.9,Cambrian/Ordovician,Cambrian/Ordovician,Trematis,genus,Brachiopoda
100260,25.0254,104.1925,471.8,460.3,Cambrian/Ordovician,Cambrian/Ordovician,Orthis,genus,Brachiopoda
100261,24.944,111.879,498.1,492.0,Cambrian/Ordovician,Cambrian/Ordovician,Christiania,genus,Brachiopoda
100262,26.1518,104.7982,511.4,507.6,Cambrian/Ordovician,Cambrian/Ordovician,Obolus,genus,Brachiopoda
100263,22.4277,116.9902,502.4,496.3,Cambrian/Ordovician,Cambrian/Ordovician,Plectatrypa,genus,Brachiopoda
100264,29.8436,108.577,493.7,485.3,Cambrian/Ordovician,Cambrian/Ordovician,Hesperorthis,genus,Brachiopoda
100265,19.881,120.1777,502.1,498.9,Cambrian/Ordovician,Cambrian/Ordovician,Rafinesquina,genus,Brachiopoda
100266,23.0314,119.0809,486.1,479.1,Cambrian/Ordovician,Cambrian/Ordovician,Resserella,genus,Brachiopoda
100267,34.5784,105.3601,507.3,501.2,Cambrian/Ordovician,Cambrian/Ordovician,Plectorthis,genus,Brachiopoda
100268,26.8598,103.3938,482.0,472.9,Cambrian/Ordovician,Cambrian/Ordovician,Glassia,genus,Brachiopoda
100269,27.8488,106.3044,449.5,440.0,Cambrian/Ordovician,Cambrian/Ordovician,Hesperorthis,genus,Brachiopoda
100270,27.3478,9.2963,494.8,483.1,Cambrian/Ordovician,Cambrian/Ordovician,Orthis,genus,Brachiopoda
100271,22.7543,16.9871,475.2,468.8,Cambrian/Ordovician,Cambrian/Ordovician,Obolus,genus,Brachiopoda
100272,25.6065,6.1909,482.6,475.6,Cambrian/Ordovician,Cambrian/Ordovician,Hesperorthis,genus,Brachiopoda
100273,23.5996,-8.3472,511.8,501.2,Cambrian/Ordovician,Cambrian/Ordovician,Schizotreta,genus,Brachiopoda
100274,24.3929,4.9067,453.0,445.3,Cambrian/Ordovician,Cambrian/Ordovician,Orthis,genus,Brachiopoda
100275,25.0221,0.9812,494.0,486.2,Cambrian/Ordovician,Cambrian/Ordovician,Sowerbyella,genus,Brachiopoda
100276,27.165,1.6007,487.3,482.4,Cambrian/Ordovician,Cambrian/Ordovician,Hesperonomia,genus,Brachiopoda
100277,25.85,-0.4569,482.2,472.4,Cambrian/Ordovician,Cambrian/Ordovician,Strophomena,genus,Brachiopoda
100278,26.4881,8.0141,469.4,458.3,Cambrian/Ordovician,Cambrian/Ordovician,Plectatrypa,genus,Brachiopoda
100279,23.925,3.524,489.4,483.7,Cambrian/Ordovician,Cambrian/Ordovician,Hesperorthis,genus,Brachiopoda
100280,24.0737,-6.0171,497.8,493.5,Cambrian/Ordovician,Cambrian/Ordovician,Trematis,genus,Brachiopoda
100281,23.9138,2.8164,458.0,448.3,Cambrian/Ordovician,Cambrian/Ordovician,Orthis,genus,Brachiopoda
100282,22.4747,4.4205,492.6,480.9,Cambrian/Ordovician,Cambrian/Ordovician,Dalmanella,genus,Brachiopoda
100283,34.278,4.84,489.9,482.0,Cambrian/Ordovician,Cambrian/Ordovician,Christiania,genus,Brachiopoda
100284,33.348,7.5548,462.4,453.1,Cambrian/Ordovician,Cambrian/Ordovician,Glyptorthis,genus,Brachiopoda
100285,27.0578,-0.2373,492.5,486.0,Cambrian/Ordovician,Cambrian/Ordovician,Onniella,genus,Brachiopoda
100286,24.7549,-1.0038,505.8,501.6,Cambrian/Ordovician,Cambrian/Ordovician,Plectatrypa,genus,Brachiopoda
100287,27.1658,21.928,480.9,469.7,Cambrian/Ordovician,Cambrian/Ordovician,Strophomena,genus,Brachiopoda
100288,28.8199,7.131,449.6,445.5,Cambrian/Ordovician,Cambrian/Ordovician,Glyptorthis,genus,Brachiopoda
100289,27.4125,-4.9935,475.7,467.9,Cambrian/Ordovician,Cambrian/Ordovician,Sowerbyella,genus,Brachiopoda
100290,28.5308,10.8385,470.9,459.4,Cambrian/Ordovician,Cambrian/Ordovician,Westonia,genus,Brachiopoda
100291,25.0108,-1.6809,500.1,493.4,Cambrian/Ordovician,Cambrian/Ordovician,Westonia,genus,Brachiopoda
100292,32.494,17.0743,454.7,451.7,Cambrian/Ordovician,Cambrian/Ordovician,Plectorthis,genus,Brachiopoda
100293,24.9994,5.7991,465.9,459.5,Cambrian/Ordovician,Cambrian/Ordovician,Hesperorthis,genus,Brachiopoda
100294,32.1996,12.8337,445.5,442.3,Cambrian/Ordovician,Cambrian/Ordovician,Strophomena,genus,Brachiopoda
100295,26.9596,17.128,508.0,499.0,Cambrian/Ordovician,Cambrian/Ordovician,Trematis,genus,Brachiopoda
100296,29.3508,9.1995,468.9,464.3,Cambrian/Ordovician,Cambrian/Ordovician,Obolus,genus,Brachiopoda
100297,34.3897,0.6888,444.8,441.3,Cambrian/Ordovician,Cambrian/Ordovician,Plaesiomys,genus,Brachiopoda
100298,28.2646,9.7541,476.9,473.9,Cambrian/Ordovician,Cambrian/Ordovician,Dalmanella,genus,Brachiopoda
100299,27.0606,-0.8024,513.1,503.0,Cambrian/Ordovician,Cambrian/Ordovician,Christiania,genus,Brachiopoda
100300,28.1594,18.1985,504.6,494.6,Cambrian/Ordovician,Cambrian/Ordovician,Westonia,genus,Brachiopoda
100301,28.506,3.4519,482.2,477.1,Cambrian/Ordovician,Cambrian/Ordovician,Onniella,genus,Brachiopoda
100302,24.7586,-0.0287,475.9,464.9,Cambrian/Ordovician,Cambrian/Ordovician,Plectorthis,genus,Brachiopoda
100303,23.9413,0.8636,481.6,469.8,Cambrian/Ordovician,Cambrian/Ordovician,Rafinesquina,genus,Brachiopoda
100304,20.7967,16.2309,466.9,458.3,Cambrian/Ordovician,Cambrian/Ordovician,Lingulella,genus,Brachiopoda
100305,69.904,95.0216,500.3,495.1,Cambrian/Ordovician,Cambrian/Ordovician,Rafinesquina,genus,Brachiopoda
100306,66.3448,115.5504,488.6,482.3,Cambrian/Ordovician,Cambrian/Ordovician,Rafinesquina,genus,Brachiopoda
100307,71.2049,124.3161,489.8,485.2,Cambrian/Ordovician,Cambrian/Ordovician,Hesperonomia,genus,Brachiopoda
100308,66.6597,126.9452,478.4,474.6,Cambrian/Ordovician,Cambrian/Ordovician,Obolus,genus,Brachiopoda
100309,62.6623,98.7848,504.1,499.6,Cambrian/Ordovician,Cambrian/Ordovician,Rafinesquina,genus,Brachiopoda
100310,52.7738,104.0498,489.0,483.4,Cambrian/Ordovician,Cambrian/Ordovician,Onniella,genus,Brachiopoda
100311,69.8834,97.9775,496.7,490.1,Cambrian/Ordovician,Cambrian/Ordovician,Hesperorthis,genus,Brachiopoda
100312,61.4771,103.2597,509.6,501.4,Cambrian/Ordovician,Cambrian/Ordovician,Glyptorthis,genus,Brachiopoda
100313,66.069,102.1369,499.3,492.9,Cambrian/Ordovician,Cambrian/Ordovician,Dalmanella,genus,Brachiopoda
100314,62.9576,107.0397,457.7,448.9,Cambrian/Ordovician,Cambrian/Ordovician,Hesperonomia,genus,Brachiopoda
100315,61.6485,112.0274,467.0,463.0,Cambrian/Ordovician,Cambrian/Ordovician,Hesperorthis,genus,Brachiopoda
100316,59.2592,89.5323,451.3,447.2,Cambrian/Ordovician,Cambrian/Ordovician,Plectorthis,genus,Brachiopoda
100317,70.6186,97.6334,460.8,451.7,Cambrian/Ordovician,Cambrian/Ordovician,Rafinesquina,genus,Brachiopoda
100318,66.0229,118.6731,475.3,468.1,Cambrian/Ordovician,Cambrian/Ordovician,Rafinesquina,genus,Brachiopoda
100319,55.267,97.5742,497.8,492.9,Cambrian/Ordovician,Cambrian/Ordovician,Plectatrypa,genus,Brachiopoda
100320,63.9896,109.4628,456.7,450.2,Cambrian/Ordovician,Cambrian/Ordovician,Westonia,genus,Brachiopoda
100321,69.9199,82.3313,486.1,474.5,Cambrian/Ordovician,Cambrian/Ordovician,Onniella,genus,Brachiopoda
100322,61.864,103.4649,464.1,460.0,Cambrian/Ordovician,Cambrian/Ordovician,Dalmanella,genus,Brachiopoda
100323,59.847,103.6943,495.4,490.1,Cambrian/Ordovician,Cambrian/Ordovician,Westonia,genus,Brachiopoda
100324,57.4147,102.8869,484.9,475.3,Cambrian/Ordovician,Cambrian/Ordovician,Onniella,genus,Brachiopoda
100325,62.4064,100.4028,478.8,467.6,Cambrian/Ordovician,Cambrian/Ordovician,Glassia,genus,Brachiopoda
100326,61.5068,113.9144,486.1,477.6,Cambrian/Ordovician,Cambrian/Ordovician,Westonia,genus,Brachiopoda
100327,57.8147,123.1104,512.9,503.0,Cambrian/Ordovician,Cambrian/Ordovician,Plaesiomys,genus,Brachiopoda
100328,69.2536,106.8237,503.2,498.2,Cambrian/Ordovician,Cambrian/Ordovician,Strophomena,genus,Brachiopoda
100329,64.2469,111.0496,514.3,503.0,Cambrian/Ordovician,Cambrian/Ordovician,Orthis,genus,Brachiopoda
100330,67.1422,109.9789,506.5,503.4,Cambrian/Ordovician,Cambrian/Ordovician,Hesperonomia,genus,Brachiopoda
100331,67.8798,94.663,450.4,440.3,Cambrian/Ordovician,Cambrian/Ordovician,Rafinesquina,genus,Brachiopoda
100332,62.4165,107.7224,458.8,450.6,Cambrian/Ordovician,Cambrian/Ordovician,Orthis,genus,Brachiopoda
100333,58.6725,104.5435,476.8,465.5,Cambrian/Ordovician,Cambrian/Ordovician,Dalmanella,genus,Brachiopoda
100334,70.4485,111.7574,497.2,487.4,Cambrian/Ordovician,Cambrian/Ordovician,Trematis,genus,Brachiopoda
100335,2.2707,-66.306,447.8,442.5,Cambrian/Ordovician,Cambrian/Ordovician,Orthis,genus,Brachiopoda
100336,7.3447,-65.2545,497.6,490.5,Cambrian/Ordovician,Cambrian/Ordovician,Resserella,genus,Brachiopoda
100337,6.0605,-63.8859,456.7,446.0,Cambrian/Ordovician,Cambrian/Ordovician,Glyptorthis,genus,Brachiopoda
100338,6.5276,-64.9561,455.8,445.8,Cambrian/Ordovician,Cambrian/Ordovician,Plectatrypa,genus,Brachiopoda
100339,7.2756,-67.6128,456.8,448.0,Cambrian/Ordovician,Cambrian/Ordovician,Hesperonomia,genus,Brachiopoda
100340,9.8764,-75.2316,480.1,471.0,Cambrian/Ordovician,Cambrian/Ordovician,Trematis,genus,Brachiopoda
100341,4.3203,-60.4776,477.0,465.8,Cambrian/Ordovician,Cambrian/Ordovician,Trematis,genus,Brachiopoda
100342,5.5083,-74.3105,484.1,480.4,Cambrian/Ordovician,Cambrian/Ordovician,Westonia,genus,Brachiopoda
100343,-1.5517,-78.7256,494.5,489.9,Cambrian/Ordovician,Cambrian/Ordovician,Glassia,genus,Brachiopoda
100344,3.5548,-65.2995,458.2,455.1,Cambrian/Ordovician,Cambrian/Ordovician,Dalmanella,genus,Brachiopoda
100345,1.3407,-71.4415,500.1,491.1,Cambrian/Ordovician,Cambrian/Ordovician,Plectatrypa,genus,Brachiopoda
100346,7.3019,-74.3069,489.8,478.6,Cambrian/Ordovician,Cambrian/Ordovician,Resserella,genus,Brachiopoda
100347,4.1292,-63.6314,460.8,449.8,Cambrian/Ordovician,Cambrian/Ordovician,Plaesiomys,genus,Brachiopoda
100348,4.1533,-71.9408,476.5,469.0,Cambrian/Ordovician,Cambrian/Ordovician,Westonia,genus,Brachiopoda
100349,4.5611,-67.7389,452.6,448.1,Cambrian/Ordovician,Cambrian/Ordovician,Orthis,genus,Brachiopoda
100350,1.3335,-59.7463,497.1,487.6,Cambrian/Ordovician,Cambrian/Ordovician,Obolus,genus,Brachiopoda
100351,4.279,-72.6971,467.0,457.7,Cambrian/Ordovician,Cambrian/Ordovician,Onniella,genus,Brachiopoda
100352,1.4497,-68.6403,478.7,469.4,Cambrian/Ordovician,Cambrian/Ordovician,Plaesiomys,genus,Brachiopoda
100353,2.9449,-76.2091,498.4,491.8,Cambrian/Ordovician,Cambrian/Ordovician,Rafinesquina,genus,Brachiopoda
100354,8.7538,-65.9076,480.5,476.6,Cambrian/Ordovician,Cambrian/Ordovician,Orthis,genus,Brachiopoda
100355,-14.9194,128.2824,489.9,483.7,Cambrian/Ordovician,Cambrian/Ordovician,Glyptorthis,genus,Brachiopoda
100356,-22.1327,123.9952,450.0,443.1,Cambrian/Ordovician,Cambrian/Ordovician,Orthis,genus,Brachiopoda
100357,-22.9084,129.6873,496.9,489.7,Cambrian/Ordovician,Cambrian/Ordovician,Hesperorthis,genus,Brachiopoda
100358,-28.482,128.6978,497.7,487.3,Cambrian/Ordovician,Cambrian/Ordovician,Christiania,genus,Brachiopoda
100359,-16.73,136.4841,479.2,468.4,Cambrian/Ordovician,Cambrian/Ordovician,Orthis,genus,Brachiopoda
100360,-18.871,132.7063,476.0,466.9,Cambrian/Ordovician,Cambrian/Ordovician,Obolus,genus,Brachiopoda
100361,-17.3172,138.0966,506.7,499.0,Cambrian/Ordovician,Cambrian/Ordovician,Glyptorthis,genus,Brachiopoda
100362,-18.7652,127.1327,487.3,475.6,Cambrian/Ordovician,Cambrian/Ordovician,Glassia,genus,Brachiopoda
100363,-19.5611,127.8461,484.5,478.3,Cambrian/Ordovician,Cambrian/Ordovician,Obolus,genus,Brachiopoda
100364,-17.2321,135.1041,488.9,479.7,Cambrian/Ordovician,Cambrian/Ordovician,Trematis,genus,Brachiopoda
100365,-14.6265,135.7865,451.8,443.1,Cambrian/Ordovician,Cambrian/Ordovician,Glassia,genus,Brachiopoda
100366,-23.7412,133.231,451.0,444.1,Cambrian/Ordovician,Cambrian/Ordovician,Westonia,genus,Brachiopoda
100367,-14.4509,133.5858,476.2,466.8,Cambrian/Ordovician,Cambrian/Ordovician,Strophomena,genus,Brachiopoda
100368,-18.2229,137.4678,487.7,482.1,Cambrian/Ordovician,Cambrian/Ordovician,Resserella,genus,Brachiopoda
100369,-8.0087,133.0345,482.6,471.5,Cambrian/Ordovician,Cambrian/Ordovician,Onniella,genus,Brachiopoda
100370,-77.9853,164.9369,475.7,471.7,Cambrian/Ordovician,Cambrian/Ordovician,Hesperorthis,genus,Brachiopoda
100371,-78.2256,162.5769,489.9,486.0,Cambrian/Ordovician,Cambrian/Ordovician,Glyptorthis,genus,Brachiopoda
100372,-78.1311,170.3159,450.7,444.1,Cambrian/Ordovician,Cambrian/Ordovician,Lingulella,genus,Brachiopoda
100373,-78.2819,170.218,448.7,440.0,Cambrian/Ordovician,Cambrian/Ordovician,Rafinesquina,genus,Brachiopoda
100374,-80.2026,166.6112,471.8,465.4,Cambrian/Ordovician,Cambrian/Ordovician,Plaesiomys,genus,Brachiopoda
100375,-78.5695,168.0086,474.2,467.7,Cambrian/Ordovician,Cambrian/Ordovician,Schizotreta,genus,Brachiopoda
100376,-78.9518,176.7665,505.2,493.9,Cambrian/Ordovician,Cambrian/Ordovician,Resserella,genus,Brachiopoda
100377,-79.8362,167.5521,475.7,471.4,Cambrian/Ordovician,Cambrian/Ordovician,Dalmanella,genus,Brachiopoda
100378,-76.5931,175.1723,494.1,487.7,Cambrian/Ordovician,Cambrian/Ordovician,Hesperorthis,genus,Brachiopoda
100379,-76.5192,164.9764,472.0,469.0,Cambrian/Ordovician,Cambrian/Ordovician,Hesperonomia,genus,Brachiopoda
